ZIPCODE,TotalPop,Men,Women,Hisp_tot,White_tot,Black_tot,Nat_tot,Asian_tot,Pov_tot,Unemployment_tot,Men_pct,Hispanic_pct,White_pct,Black_pct,Native_pct,Asian_pct,Poverty_pct,Unemployment_pct
10001,54931,27337,27594,6162,32937,3905,171,10329,8178,3719,49.76607016074712,11.217709490087564,59.960677941417416,7.1089184613424115,0.31129963044546793,18.80358995831134,14.88776829112887,6.770311845770148
10002,89904,42706,47198,24834,18737,7024,136,36672,27444,8394,47.50177967609895,27.62279765082755,20.841119416266242,7.812778074390462,0.15127246841074923,40.790176187933795,30.525894287239723,9.33662573411639
10003,78507,36959,41548,5423,57291,3000,233,10127,7879,4342,47.077330683888064,6.907664284713465,72.97565822155985,3.8213152967251327,0.2967888213789853,12.899486669978474,10.036047740965774,5.530717006126842
10004,21681,10435,11246,2093,14227,413,0,4426,1616,846,48.12969881463032,9.653613763202804,65.61966698953,1.9048936857156036,0,20.414187537475208,7.453530741201975,3.9020340390203403
10005,17798,8824,8974,1141,12166,528,37,3618,1642,691,49.57860433756602,6.410832677828969,68.35599505562423,2.966625463535229,0.2078885268007641,20.32812675581526,9.225755702887966,3.8824587032250815
10006,4374,1896,2478,464,2887,83,0,853,324,144,43.34705075445816,10.608139003200732,66.00365797896663,1.8975765889346137,0,19.5016003657979,7.4074074074074066,3.292181069958848
10007,24837,12792,12045,1959,13659,1205,23,6997,2320,958,51.503804807343876,7.887426017634979,54.994564560937306,4.851632644844385,0.09260377662358578,28.171679349357813,9.340902685509523,3.857148608930225
10008,6735,3484,3251,229,5078,101,0,1024,195,108,51.72976985894581,3.40014847809948,75.39717891610988,1.4996288047512991,0,15.20415738678545,2.89532293986637,1.6035634743875278
10009,85886,40263,45623,17821,46586,5977,98,12377,17225,5596,46.87958456558694,20.749598304729524,54.241669189390585,6.959225019211512,0.11410474349719396,14.410963370048668,20.055655170807814,6.5156137205132385
10010,69574,34552,35022,7890,46365,2797,269,10414,8403,4027,49.66223014344439,11.340443269037284,66.64127403915255,4.020179952281024,0.38663868686578323,14.968235260298387,12.077787679305487,5.788081754678472
10011,82322,41743,40579,8557,57968,4123,248,9107,8669,4043,50.70697990816549,10.394548237409198,70.41617064697164,5.008381720560725,0.3012560433419985,11.062656398046695,10.530599353757196,4.911202351740726
10012,49380,24659,24721,2860,33885,1105,68,9384,4715,2177,49.937221547185096,5.791818550020251,68.62089914945322,2.237748076144188,0.1377075739165654,19.003645200486027,9.54840016200891,4.408667476711219
10013,50358,25840,24518,5380,28230,2224,55,12731,5605,2244,51.31260177131737,10.683506096350133,56.05862027880376,4.416378728305334,0.109217999126256,25.280988125024823,11.130307001866635,4.456094364351245
10014,46324,23218,23106,3896,36388,976,128,3670,3718,2515,50.12088766082377,8.410327260167517,78.55107503669804,2.1068992314998707,0.27631465331145844,7.9224592004144725,8.026077195406268,5.429151195924359
10016,71412,34172,37240,7299,46716,3067,12,12434,8743,3805,47.85190164118075,10.220971265333558,65.41757687783566,4.294796392763121,0.016803898504453033,17.411639500364085,12.243040385369405,5.328236150786982
10017,40598,19267,21331,2621,29592,726,32,6730,2867,1285,47.45800285728361,6.455983053352382,72.89029016207695,1.7882654317946698,0.0788216168284152,16.57717128922607,7.061924232720823,3.1651805507660473
10018,25273,13173,12100,5231,12136,1979,19,5395,3727,1483,52.12281881850196,20.697978079373243,48.01962568749258,7.830491037866498,0.07517904483045147,21.346891940015038,14.746963162268035,5.867922288608397
10019,61795,31167,30628,10893,36417,2970,49,9885,7525,3515,50.43611942713812,17.62763977668096,58.93195242333522,4.806214094991504,0.07929444129783964,15.996439841411117,12.177360627882514,5.688162472691966
10020,6389,3431,2958,753,3864,196,19,1459,864,266,53.70167475348255,11.785881984661136,60.47894819220535,3.067772734387228,0.29738613241508843,22.83612458913758,13.523243074033495,4.163405853811239
10021,72771,32177,40594,4535,59005,1264,35,6033,5038,2527,44.2167896552198,6.231878083302415,81.08312377183219,1.7369556554121832,0.048096082230558876,8.290390402770335,6.923087493644446,3.472537137046351
10022,47254,20856,26398,2737,38195,1000,54,4704,2325,2054,44.13594616328776,5.792102255893681,80.82913615778558,2.1162229652516187,0.11427604012358743,9.954712828543617,4.920218394210014,4.346721970626826
10023,73211,34264,38947,6279,55356,1843,31,7761,5625,3445,46.801710125527585,8.576580022127821,75.61158842250481,2.5173812678422642,0.0423433637021759,10.600865990083458,7.6832716395077245,4.705577030774064
10024,81434,37091,44343,11389,58341,3703,28,5918,6456,3462,45.54731438956701,13.985558857479678,71.64206596753199,4.547240710268438,0.03438367266743621,7.267234815924552,7.927892526463149,4.251295527666576
10025,106152,45514,60638,23086,58799,10820,122,10170,17453,8660,42.87625292034065,21.748059386540056,55.391325646243125,10.192930891551736,0.11492953500640592,9.580601401763507,16.44151782349838,8.158112894717009
10026,56175,26105,30070,13766,12288,25465,39,3190,15523,5034,46.470850022251895,24.505562972852694,21.87449933244326,45.33155318202047,0.06942590120160214,5.678682688028482,27.633288829550512,8.961281708945261
10027,86205,39348,46857,20751,20563,34918,129,7613,24965,6582,45.64468418305203,24.071689577170698,23.853604779305147,40.505771126964795,0.14964329215242736,8.831274288034336,28.960037120816658,7.635287976335479
10028,83249,35975,47274,5394,69382,1063,106,5493,4301,3216,43.21373229708465,6.479357109394708,83.34274285577004,1.2768922149215005,0.12732885680308473,6.598277456786268,5.166428425566673,3.8631094667803816
10029,91158,42272,48886,43967,14914,22103,0,8027,26232,10601,46.372232826520985,48.23164176484785,16.360604664428795,24.246911955067027,0,8.805590293775643,28.776410188902783,11.62925908861537
10030,46266,21898,24368,10923,5055,27507,147,1137,12961,6303,47.330653179440624,23.60912981455064,10.92594994164181,59.45402671508235,0.3177279211516016,2.457528206458306,28.01409242208101,13.623395149786019
10031,77700,37465,40235,41043,10342,21590,53,2429,22021,8361,48.217503217503214,52.82239382239382,13.310167310167309,27.786357786357783,0.06821106821106822,3.126126126126126,28.341055341055345,10.76061776061776
10032,97708,49139,48569,68428,10100,14099,60,3005,28449,13302,50.29168543005691,70.03316002783805,10.336922258156958,14.42972939779752,0.06140745895934826,3.0754902362140255,29.116346665574977,13.61403365128751
10033,79100,39370,39730,54328,17053,3620,59,2673,18487,10133,49.7724399494311,68.6826801517067,21.558786346396968,4.576485461441214,0.07458912768647283,3.379266750948167,23.371681415929206,12.810366624525917
10034,46763,22649,24114,34669,7956,2053,0,1042,12234,7226,48.43359065928191,74.13767294656031,17.01345080512371,4.390223039582576,0,2.2282573829737187,26.16170904347454,15.452387571370526
10035,62345,30139,32206,26257,7132,23867,51,3227,22791,6840,48.342288876413505,42.1156468040741,11.439570133932152,38.28213970647205,0.08180287112037854,5.176036570695324,36.55625952361857,10.971208597321356
10036,38036,21503,16533,8574,19733,2541,19,6312,5488,2531,56.533284257019666,22.541802502891997,51.87979808602377,6.680513198022926,0.049952676411820385,16.594804921653168,14.428436218319488,6.654222315700915
10037,54422,25523,28899,12916,4674,33531,122,1516,15960,7397,46.89831318216898,23.73304913454118,8.588438499136378,61.61295064495976,0.22417404726029913,2.7856381610378156,29.326375362904706,13.59192973429863
10038,44669,21952,22717,4622,15998,2355,484,19998,8798,3119,49.1437014484318,10.347220667577067,35.814547001276054,5.272112650831673,1.083525487474535,44.769303096106924,19.695986030580492,6.982471064944369
10039,46042,20867,25175,15235,4191,24586,188,737,12959,8304,45.32166282959037,33.089353199252855,9.102558533512878,53.39907041396985,0.40832283567177796,1.6007123930324485,28.14604057165197,18.03570652882151
10040,75427,36344,39083,52126,16432,3780,52,2049,16364,9821,48.18433717369112,69.1078791414215,21.785302345314012,5.011468041947843,0.06894083020668991,2.716533867182839,21.695148951966804,13.020536412690417
10041,1626,946,680,133,1210,29,0,207,98,46,58.17958179581796,8.179581795817958,74.41574415744158,1.7835178351783518,0,12.730627306273062,6.027060270602706,2.8290282902829027
10043,8794,4214,4580,580,6094,211,0,1803,932,387,47.91903570616329,6.595405958608142,69.29724812372072,2.3993632021833067,0,20.502615419604275,10.598135092108256,4.400727768933364
10044,11783,5606,6177,1721,5080,1646,0,2903,1392,647,47.577017737418316,14.605787999660528,43.11295934821352,13.969277773062888,0,24.637189170839342,11.81362980565221,5.490961554782314
10045,7378,3664,3714,428,4862,288,37,1608,612,258,49.66115478449444,5.801030089455137,65.89861751152074,3.9034968826240175,0.5014909189482245,21.79452426131743,8.294930875576037,3.4968826240173487
10055,258,150,108,8,213,1,25,11,21,0,58.139534883720934,3.10077519379845,82.55813953488372,0.3875968992248062,9.689922480620156,4.263565891472868,8.13953488372093,0
10065,34220,15102,19118,1764,28114,983,35,2813,1821,1365,44.13208649912332,5.154880187025132,82.15663354763296,2.8725891291642314,0.10227936879018118,8.220338983050848,5.321449444769141,3.9888953828170663
10069,26752,11745,15007,2825,19090,1043,0,2927,3221,1344,43.90325956937799,10.559958133971293,71.35915071770334,3.898773923444976,0,10.941238038277511,12.040221291866029,5.023923444976076
10075,72466,31140,41326,4723,61193,707,36,4053,5150,3325,42.97187646620484,6.517539259790799,84.44373913283471,0.9756299505975217,0.049678469903126986,5.592967736593713,7.106781111141777,4.588358678552701
10080,8875,4467,4408,666,6195,124,0,1411,382,240,50.332394366197185,7.504225352112676,69.80281690140845,1.3971830985915492,0,15.898591549295773,4.3042253521126765,2.704225352112676
10081,8794,4214,4580,580,6094,211,0,1803,932,387,47.91903570616329,6.595405958608142,69.29724812372072,2.3993632021833067,0,20.502615419604275,10.598135092108256,4.400727768933364
10101,4858,2572,2286,1108,2725,194,15,729,704,384,52.943598188554965,22.807739810621655,56.093042404281604,3.993412927130506,0.3087690407575134,15.00617538081515,14.491560312885962,7.904487443392343
10103,982,448,534,70,715,22,0,175,78,61,45.621181262729124,7.128309572301425,72.81059063136456,2.240325865580448,0,17.820773930753564,7.942973523421588,6.211812627291242
10104,982,448,534,70,715,22,0,175,78,61,45.621181262729124,7.128309572301425,72.81059063136456,2.240325865580448,0,17.820773930753564,7.942973523421588,6.211812627291242
10105,6698,2994,3704,322,5090,67,20,1125,563,301,44.6999104210212,4.80740519558077,75.99283368169603,1.0002985965959987,0.2985965959988056,16.796058524932818,8.405494177366378,4.493878769782024
10106,6698,2994,3704,322,5090,67,20,1125,563,301,44.6999104210212,4.80740519558077,75.99283368169603,1.0002985965959987,0.2985965959988056,16.796058524932818,8.405494177366378,4.493878769782024
10107,14950,6908,8042,1139,10644,529,20,2074,1165,771,46.207357859531776,7.618729096989966,71.19732441471572,3.5384615384615383,0.13377926421404682,13.872909698996654,7.792642140468227,5.157190635451505
10108,3035,1808,1227,713,1229,300,0,698,571,234,59.57166392092257,23.492586490939043,40.494233937397034,9.884678747940692,0,22.99835255354201,18.813838550247116,7.71004942339374
10110,149,87,62,7,82,0,12,48,12,6,58.38926174496645,4.697986577181208,55.033557046979865,0,8.053691275167784,32.21476510067114,8.053691275167784,4.026845637583892
10111,982,448,534,70,715,22,0,175,78,61,45.621181262729124,7.128309572301425,72.81059063136456,2.240325865580448,0,17.820773930753564,7.942973523421588,6.211812627291242
10112,982,448,534,70,715,22,0,175,78,61,45.621181262729124,7.128309572301425,72.81059063136456,2.240325865580448,0,17.820773930753564,7.942973523421588,6.211812627291242
10113,7159,3829,3330,881,5305,57,0,687,329,344,53.4851236206174,12.306188015085906,74.10252828607348,0.7962005866741164,0,9.596312334124878,4.59561391255762,4.8051403827350185
10115,5069,1677,3392,395,3457,385,0,740,198,259,33.08344841191557,7.7924639968435585,68.19885579009667,7.595186427303216,0,14.5985401459854,3.9060958768987963,5.109489051094891
10116,1841,1071,770,75,1121,142,18,409,155,70,58.174904942965775,4.073872895165671,60.89082020640956,7.713199348180337,0.9777294948397609,22.216186854970125,8.419337316675719,3.802281368821293
10118,1912,843,1069,54,876,50,8,891,356,67,44.08995815899582,2.8242677824267783,45.81589958158996,2.615062761506276,0.41841004184100417,46.60041841004184,18.619246861924683,3.50418410041841
10119,7374,3588,3786,238,5483,151,116,1225,645,335,48.65744507729862,3.2275562788174663,74.35584486032005,2.047735286140494,1.5730946569026307,16.612422023325195,8.746948738812042,4.5429888798481155
10120,1259,758,501,73,658,59,0,436,144,72,60.206513105639395,5.798252581413821,52.263701350278005,4.686258935663225,0,34.6306592533757,11.437648927720414,5.718824463860207
10121,11714,6184,5530,641,9383,170,116,1203,697,498,52.79153150076831,5.472084684992317,80.10073416424791,1.4512549086563087,0.9902680553184224,10.269762677138466,5.950145125490866,4.251323203004952
10122,186,73,113,2,108,19,0,51,31,8,39.247311827956985,1.0752688172043012,58.06451612903226,10.21505376344086,0,27.419354838709676,16.666666666666664,4.301075268817205
10123,186,73,113,2,108,19,0,51,31,8,39.247311827956985,1.0752688172043012,58.06451612903226,10.21505376344086,0,27.419354838709676,16.666666666666664,4.301075268817205
10128,75267,32769,42498,8658,53812,3015,0,7449,5651,3312,43.53700825062777,11.503049145043645,71.49481180331354,4.005739567140979,0,9.896767507672685,7.507938405941515,4.400334808083223
10129,3035,1808,1227,713,1229,300,0,698,571,234,59.57166392092257,23.492586490939043,40.494233937397034,9.884678747940692,0,22.99835255354201,18.813838550247116,7.71004942339374
10150,9116,3862,5254,510,7256,173,0,1130,346,365,42.365072400175514,5.594559017112768,79.59631417288284,1.897762176393155,0,12.39578762615182,3.79552435278631,4.003949100482668
10151,287,143,144,4,266,0,0,17,13,0,49.825783972125436,1.3937282229965158,92.6829268292683,0,0,5.923344947735192,4.529616724738676,0
10152,1683,744,939,229,1249,22,7,126,143,61,44.20677361853833,13.606654783125371,74.21271538918597,1.3071895424836601,0.41592394533571003,7.4866310160427805,8.49673202614379,3.6244800950683302
10153,287,143,144,4,266,0,0,17,13,0,49.825783972125436,1.3937282229965158,92.6829268292683,0,0,5.923344947735192,4.529616724738676,0
10154,1683,744,939,229,1249,22,7,126,143,61,44.20677361853833,13.606654783125371,74.21271538918597,1.3071895424836601,0.41592394533571003,7.4866310160427805,8.49673202614379,3.6244800950683302
10155,1166,451,715,73,892,26,0,174,127,22,38.67924528301887,6.260720411663807,76.5008576329331,2.2298456260720414,0,14.922813036020582,10.891938250428817,1.8867924528301887
10156,7640,3515,4125,558,4974,84,0,1627,703,512,46.00785340314136,7.303664921465969,65.10471204188481,1.0994764397905759,0,21.295811518324605,9.201570680628272,6.701570680628273
10158,6781,3098,3683,346,4550,149,0,1438,515,278,45.68647692080814,5.1024922577790885,67.09924789854004,2.197316030084058,0,21.206311753428697,7.594750036867719,4.099690311163545
10159,7413,3764,3649,719,5122,504,7,1023,830,615,50.77566437339809,9.69917712127344,69.0948334007824,6.79886685552408,0.09442870632672333,13.800080938891139,11.196546607311479,8.29623634156212
10162,10095,4322,5773,586,8641,0,0,596,707,394,42.81327389796929,5.8048538880633975,85.59683011391778,0,0,5.903912828132738,7.003467062902427,3.9029222387320455
10163,1717,822,895,93,1300,34,0,275,93,29,47.874199184624345,5.41642399534071,75.713453698311,1.9801980198019802,0,16.016307513104252,5.41642399534071,1.68899242865463
10165,3060,1561,1499,107,2222,104,0,560,226,28,51.01307189542483,3.496732026143791,72.61437908496731,3.3986928104575163,0,18.30065359477124,7.38562091503268,0.9150326797385622
10166,1717,822,895,93,1300,34,0,275,93,29,47.874199184624345,5.41642399534071,75.713453698311,1.9801980198019802,0,16.016307513104252,5.41642399534071,1.68899242865463
10167,1717,822,895,93,1300,34,0,275,93,29,47.874199184624345,5.41642399534071,75.713453698311,1.9801980198019802,0,16.016307513104252,5.41642399534071,1.68899242865463
10168,5045,2305,2740,318,4076,101,0,510,530,247,45.68880079286422,6.303270564915758,80.79286422200198,2.001982160555005,0,10.109018830525272,10.505450941526263,4.89593657086224
10169,1732,833,899,93,1311,34,0,275,93,29,48.094688221709006,5.369515011547344,75.69284064665128,1.9630484988452657,0,15.877598152424943,5.369515011547344,1.674364896073903
10170,1717,822,895,93,1300,34,0,275,93,29,47.874199184624345,5.41642399534071,75.713453698311,1.9801980198019802,0,16.016307513104252,5.41642399534071,1.68899242865463
10171,1717,822,895,93,1300,34,0,275,93,29,47.874199184624345,5.41642399534071,75.713453698311,1.9801980198019802,0,16.016307513104252,5.41642399534071,1.68899242865463
10172,1717,822,895,93,1300,34,0,275,93,29,47.874199184624345,5.41642399534071,75.713453698311,1.9801980198019802,0,16.016307513104252,5.41642399534071,1.68899242865463
10173,15,11,4,0,11,0,0,0,0,0,73.33333333333333,0,73.33333333333333,0,0,0,0,0
10174,1717,822,895,93,1300,34,0,275,93,29,47.874199184624345,5.41642399534071,75.713453698311,1.9801980198019802,0,16.016307513104252,5.41642399534071,1.68899242865463
10175,15,11,4,0,11,0,0,0,0,0,73.33333333333333,0,73.33333333333333,0,0,0,0,0
10176,15,11,4,0,11,0,0,0,0,0,73.33333333333333,0,73.33333333333333,0,0,0,0,0
10177,15,11,4,0,11,0,0,0,0,0,73.33333333333333,0,73.33333333333333,0,0,0,0,0
10178,5045,2305,2740,318,4076,101,0,510,530,247,45.68880079286422,6.303270564915758,80.79286422200198,2.001982160555005,0,10.109018830525272,10.505450941526263,4.89593657086224
10179,15,11,4,0,11,0,0,0,0,0,73.33333333333333,0,73.33333333333333,0,0,0,0,0
10185,982,448,534,70,715,22,0,175,78,61,45.621181262729124,7.128309572301425,72.81059063136456,2.240325865580448,0,17.820773930753564,7.942973523421588,6.211812627291242
10199,11942,6487,5455,1872,6766,482,33,2420,1393,996,54.320884273990956,15.675766203316027,56.65717635236979,4.036174845084576,0.2763356221738402,20.264612292748282,11.664712778429074,8.340311505610451
10268,6735,3484,3251,229,5078,101,0,1024,195,108,51.72976985894581,3.40014847809948,75.39717891610988,1.4996288047512991,0,15.20415738678545,2.89532293986637,1.6035634743875278
10271,8794,4214,4580,580,6094,211,0,1803,932,387,47.91903570616329,6.595405958608142,69.29724812372072,2.3993632021833067,0,20.502615419604275,10.598135092108256,4.400727768933364
10272,7378,3664,3714,428,4862,288,37,1608,612,258,49.66115478449444,5.801030089455137,65.89861751152074,3.9034968826240175,0.5014909189482245,21.79452426131743,8.294930875576037,3.4968826240173487
10274,6735,3484,3251,229,5078,101,0,1024,195,108,51.72976985894581,3.40014847809948,75.39717891610988,1.4996288047512991,0,15.20415738678545,2.89532293986637,1.6035634743875278
10276,5338,2464,2874,240,3742,294,0,923,614,347,46.159610340951666,4.496065942300486,70.10116148370176,5.507680779318096,0,17.291120269763958,11.50243536905208,6.500562008242787
10278,2673,1251,1422,195,1526,198,11,634,350,331,46.801346801346796,7.295173961840629,57.0894126449682,7.4074074074074066,0.411522633744856,23.718668163112607,13.09390198279087,12.383090160867939
10279,6735,3484,3251,229,5078,101,0,1024,195,108,51.72976985894581,3.40014847809948,75.39717891610988,1.4996288047512991,0,15.20415738678545,2.89532293986637,1.6035634743875278
10280,15762,7846,7916,1582,10231,214,0,2974,644,509,49.77794696104556,10.036797360741023,64.90927547265576,1.357695723892907,0,18.868163938586473,4.085775916761833,3.229285623651821
10281,8875,4467,4408,666,6195,124,0,1411,382,240,50.332394366197185,7.504225352112676,69.80281690140845,1.3971830985915492,0,15.898591549295773,4.3042253521126765,2.704225352112676
10282,20826,10313,10513,1474,14987,491,0,2831,900,494,49.519830980505134,7.077691347354269,71.96293095169499,2.3576298857197733,0,13.593584941899547,4.32152117545376,2.3720349563046192
10285,8875,4467,4408,666,6195,124,0,1411,382,240,50.332394366197185,7.504225352112676,69.80281690140845,1.3971830985915492,0,15.898591549295773,4.3042253521126765,2.704225352112676
10301,64152,32080,32072,14439,30964,13086,69,3852,10925,4885,50.00623519142038,22.50748222970445,48.266616785135305,20.398428731762063,0.10755705200149646,6.004489337822671,17.029866566903603,7.61472752213493
10302,33898,16956,16942,10611,14595,5531,15,2372,6135,1914,50.020650185851665,31.30273172458552,43.05563750073751,16.316596849371646,0.04425039825358428,6.997462977166795,18.098412885715973,5.646350817157354
10303,50827,24499,26328,17383,15484,12772,23,4064,11111,3373,48.20075943888091,34.20032659806795,30.46412339898086,25.128376650205595,0.045251539536073346,7.995750290200091,21.860428512404827,6.636236645877192
10304,58799,27597,31202,14416,25548,11487,279,5692,11092,4480,46.934471674688346,24.5174237657103,43.449718532628104,19.536046531403596,0.4744978656099593,9.680436742121465,18.864266399088418,7.619177196891104
10305,53859,25747,28112,8884,35131,2399,80,6378,6720,3797,47.804452366364025,16.494921925769138,65.22772424293062,4.454223063926178,0.14853599212759241,11.842031972372306,12.477023338717764,7.049889526355855
10306,69255,33338,35917,8622,54439,1063,8,4501,5599,4560,48.13804057468774,12.449642625081221,78.60659880153058,1.5349072269150241,0.011551512526171396,6.4991697350371815,8.084614829254205,6.584362139917696
10307,15557,7318,8239,1018,13682,25,29,630,960,1074,47.039917721925825,6.543678087034775,87.947547727711,0.16069936363052004,0.18641126181140322,4.049623963489105,6.170855563411968,6.9036446615671405
10308,46062,22493,23569,4032,39320,79,49,2202,3436,3578,48.83200903130563,8.753419304415786,85.3632061134992,0.1715079675220355,0.1063783596022752,4.780513221310407,7.459511093743215,7.767791237896748
10309,52210,25842,26368,4934,43595,508,80,2605,4267,2957,49.49626508331737,9.450296877992722,83.49932963033902,0.9729936793717678,0.15322735108216817,4.989465619613101,8.172763838345144,5.6636659643746405
10310,36499,17873,18626,8711,19622,5716,0,1831,5731,3499,48.968464889449024,23.866407298830104,53.76037699663004,15.660703032959807,0,5.0165757965971665,15.70180004931642,9.586564015452478
10311,7644,3882,3762,780,6176,84,0,604,420,619,50.784929356357935,10.204081632653061,80.79539508110936,1.098901098901099,0,7.901622187336472,5.4945054945054945,8.097854526425955
10312,95771,46511,49260,8648,80714,790,76,4805,7715,6321,48.56480563009679,9.029873343705297,84.27812176963799,0.8248843595660481,0.07935596370508818,5.017176389512483,8.055674473483622,6.600119033945558
10313,6542,3037,3505,1086,4390,85,0,962,726,307,46.423112198104555,16.6004280036686,67.1048608988077,1.2992968511158667,0,14.70498318557016,11.097523693060227,4.692754509324366
10314,112697,54424,58273,16424,74030,5420,16,14780,10038,6553,48.292323664338895,14.573591133748016,65.68941497999059,4.809356060942172,0.014197361065511949,13.11481228426666,8.907069398475558,5.814706691393737
10451,76341,34498,41843,46610,1524,25560,490,1216,27989,11993,45.18934779476297,61.05500320928465,1.9963060478641885,33.48135340118678,0.6418569313999031,1.5928531195556779,36.663129903983446,15.709775874038852
10452,95806,46038,49768,61370,5345,26606,78,1298,37717,13512,48.05335782727595,64.05653090620629,5.578982527190364,27.77070329624449,0.08141452518631401,1.3548212011773793,39.36809803143853,14.103500824583012
10453,100156,46912,53244,70243,1290,26032,213,1676,42012,14511,46.83893126722313,70.13359159710852,1.2879907344542514,25.99145333280083,0.2126682375494229,1.6733895123607172,41.9465633611566,14.488398098965613
10454,54640,25985,28655,39252,663,13865,234,260,25322,8234,47.55673499267935,71.83748169838947,1.2133967789165447,25.375183016105417,0.42825768667642755,0.4758418740849195,46.34333821376281,15.069546120058567
10455,75388,36002,39386,51642,1389,20830,106,646,31168,10512,47.75561097256858,68.50161829468881,1.842468297341752,27.63039210484427,0.14060593197856422,0.8569003024354008,41.34344988592349,13.943863744893086
10456,126727,57639,69088,76675,1787,44592,759,1362,50407,20325,45.4828095038942,60.50407569026333,1.4101178123051914,35.18745018819983,0.5989252487630892,1.0747512369108398,39.776054037419016,16.03841328209458
10457,117248,54012,63236,76348,3061,34971,191,1257,49902,19907,46.066457423580786,65.11667576419214,2.6107055131004366,29.826521561135372,0.1629025655021834,1.072086517467249,42.56106713973799,16.978541211790393
10458,98728,47533,51195,64835,10775,17887,226,3118,38032,15726,48.14540961024228,65.67032655376389,10.913823839235071,18.11745401507171,0.22891175755611376,3.158171947167977,38.52199983793858,15.928611943926748
10459,78328,36474,41854,54128,991,21430,162,621,30079,10495,46.56572362373608,69.10427944030232,1.2651925237462975,27.35930957001328,0.2068225921764886,0.7928199366765396,38.40133796343581,13.398784598100297
10460,79339,36368,42971,53760,2613,20983,26,1126,32711,16390,45.83874261082192,67.7598658919321,3.293462231689333,26.447270573110327,0.03277076847452073,1.4192263577811668,41.22940798346337,20.658188280669027
10461,60986,29378,31608,27779,21009,4657,64,6465,10166,6536,48.17171154035352,45.54979831436723,34.44888990915948,7.6361787951333095,0.10494211786311614,10.60079362476634,16.66939953431935,10.717213786770733
10462,106968,50774,56194,53933,14419,25004,93,11109,22204,15017,47.466532046967316,50.419751701443424,13.47973225637574,23.37521501757535,0.0869418891631142,10.38534888938748,20.75760975244933,14.038777952284795
10463,84025,39816,44209,38776,28141,12187,259,3072,14317,8864,47.38589705444808,46.148170187444215,33.49122285034216,14.504016661707825,0.30824159476346324,3.6560547456114247,17.038976495090747,10.549241297232967
10464,7777,3428,4349,2211,3626,1471,0,330,420,508,44.07869358364408,28.42998585572843,46.624662466246626,18.914748617718917,0,4.243281471004243,5.4005400540054005,6.532081779606531
10465,50954,24641,26313,19789,23276,4955,35,1957,7863,5018,48.35930447069906,38.83699022647878,45.68041763158928,9.724457353691566,0.06868940613102013,3.840719079954469,15.431565725948895,9.848098284727401
10466,88238,40372,47866,19773,3585,60902,30,2036,18399,10963,45.7535302250731,22.408712799474152,4.062875405154242,69.02015004873185,0.03399895736530747,2.307395906525533,20.851560552143066,12.42435231986219
10467,110483,52769,57714,54094,9493,37347,171,7012,32633,17618,47.76209914647502,48.961378673642095,8.592272114261924,33.80339056687454,0.15477494275137352,6.346677769430591,29.53667080003258,15.946344686512855
10468,95483,45307,50176,68920,4409,16722,195,4048,30976,14222,47.45033147261816,72.18038813191878,4.617575903563985,17.513065152959165,0.20422483583465117,4.239498130557272,32.44137699904695,14.894798026873893
10469,104995,48191,56804,29162,10880,58050,290,4373,19612,15904,45.898376113148245,27.77465593599695,10.362398209438545,55.28834706414592,0.2762036287442259,4.164960236201724,18.67898471355779,15.147387970855755
10470,23870,11444,12426,5312,6772,10478,15,805,4295,3108,47.943024717218265,22.253875157100964,28.370339338081273,43.896103896103895,0.06284038542103058,3.3724340175953076,17.99329702555509,13.020527859237538
10471,30665,14221,16444,6827,19364,1890,27,2050,3364,2465,46.37534648622208,22.263166476438936,63.14691015816077,6.163378444480679,0.08804826349258112,6.685145931844122,10.970161421816403,8.038480352193055
10472,79567,38563,41004,49437,1995,19860,239,5308,26947,10182,48.46607261804517,62.13254238566239,2.5073208742317794,24.960096522427637,0.30037578393052394,6.6711073686327245,33.86705543755577,12.796762476906254
10473,59659,26676,32983,35678,1456,20167,54,1267,17102,7535,44.7141252786671,59.80321493823229,2.440537052246937,33.803784843862616,0.0905144236410265,2.123736569503344,28.666253205719173,12.630114483983975
10474,18289,9198,9091,12819,152,5076,34,50,7562,2607,50.29252556181311,70.09131171742578,0.8311006615998687,27.754387883427196,0.1859040953578654,0.27338837552627265,41.34725791459347,14.254469899939853
10475,51217,22752,28465,15067,4246,29846,229,588,4860,5922,44.42275025870316,29.41796669074721,8.290216139172541,58.27362008708046,0.44711716812777,1.1480563094285101,9.489036843235645,11.562567116387138
10550,12060,5721,6339,2980,1339,7162,0,330,1924,1659,47.43781094527363,24.70978441127695,11.102819237147596,59.38640132669983,0,2.736318407960199,15.953565505804313,13.756218905472636
10704,1893,958,935,256,1526,70,0,40,87,89,50.60750132065505,13.523507659799261,80.61278394083466,3.6978341257263603,0,2.1130480718436346,4.595879556259905,4.701531959852087
10705,52,18,34,0,0,52,0,0,0,0,34.61538461538461,0,0,100,0,0,0,0
10803,3338,1512,1826,1061,599,1449,0,121,242,180,45.29658478130617,31.785500299580587,17.944877171959256,43.40922708208508,0,3.624925104853206,7.249850209706412,5.392450569203116
11001,16622,7912,8710,2515,6337,264,0,7299,1183,913,47.59956683912886,15.130549873661412,38.1241727830586,1.588256527493683,0,43.91168331127421,7.117073757670557,5.492720490915654
11004,29518,13910,15608,3057,11225,1633,30,12785,2689,1936,47.123788874584996,10.356392709533166,38.02764414933261,5.532217629920726,0.10163290195812724,43.31255505115523,9.109695778846804,6.5587099396978115
11005,1947,694,1253,56,1855,18,0,0,43,45,35.64458140729327,2.8762198253723676,95.27478171545968,0.9244992295839755,0,0,2.2085259373394965,2.311248073959938
11020,3156,1409,1747,429,1701,41,0,940,319,145,44.64512040557668,13.593155893536121,53.89733840304183,1.2991128010139417,0,29.784537389100123,10.107731305449937,4.594423320659062
11040,12635,5866,6769,1412,5643,993,0,4085,861,873,46.42659279778393,11.175306687772062,44.661654135338345,7.859121487930352,0,32.33082706766917,6.814404432132965,6.909378709932727
11101,61384,31004,30380,19680,21361,5856,96,12476,13124,5963,50.50827577218819,32.06047178417828,34.79897041574352,9.53994526260915,0.15639254528867458,20.324514531474,21.380164212172552,9.714257787045485
11102,49754,25010,24744,14146,23479,3849,80,6888,8827,4043,50.26731519073844,28.431884873578007,47.190175664268196,7.73606142219721,0.1607910921734936,13.844113036137799,17.741287132692847,8.125979820717932
11103,63569,31682,31887,16777,33842,2095,24,9545,10118,4835,49.83875788513269,26.39179474272051,53.236640500873065,3.2956315185074483,0.03775425128600418,15.01518035520458,15.91656310465793,7.6059085403262605
11104,47533,23067,24466,17367,15947,527,0,12788,7597,2897,48.52839080217954,36.53672185639451,33.549323627795424,1.1087034270927565,0,26.903414469947194,15.982580523005069,6.094713146656008
11105,44096,21838,22258,8906,28521,741,68,5020,5079,3171,49.52376632801161,20.196843251088534,64.67933599419449,1.6804245283018868,0.1542089985486212,11.384252539912918,11.51805152394775,7.191128447024673
11106,57409,28098,29311,18072,24002,2802,68,10732,11176,5280,48.94354543712659,31.479384765454892,41.80877562751485,4.880767823860371,0.11844832691738229,18.693933007019805,19.46733090630389,9.197164207702626
11109,6403,3322,3081,384,3938,352,0,1351,730,224,51.88193034515071,5.997188817741684,61.502420740278,5.497423082929877,0,21.099484616585976,11.400905825394346,3.498360143682649
11201,73590,35966,37624,9661,44324,8751,61,8187,10006,5019,48.87348824568555,13.12814241065362,60.231009648050005,11.89156135344476,0.08289169724147304,11.125152874031798,13.596956108166872,6.820220138605788
11202,2562,1420,1142,451,1504,274,0,300,897,85,55.42544886807181,17.60343481654957,58.704137392661984,10.694769711163152,0,11.7096018735363,35.011709601873534,3.317720530835285
11203,109215,48326,60889,6792,7324,91564,140,1620,19958,12603,44.248500663828224,6.218925971707183,6.7060385478185225,83.83830059973447,0.1281875200293,1.4833127317676145,18.274046605319782,11.5396236780662
11204,146451,73055,73396,15870,94603,940,188,33581,39505,11845,49.88357880792893,10.8363889628613,64.59703245454111,0.6418529064328683,0.12837058128657367,22.92985367119378,26.974892626202625,8.088029443295026
11205,73427,34537,38890,11556,34209,21213,31,4451,23559,7607,47.03583150612173,15.738079997820964,46.589129339343835,28.889917877619947,0.042218802347910166,6.0618028790499405,32.0849278875618,10.359949337437182
11206,129461,63873,65588,44412,52311,24745,80,6121,49124,14943,49.337638362132225,34.305312024470695,40.406763426823524,19.113864407041504,0.061794671754427974,4.72806482261067,37.94501819080649,11.542472250330215
11207,139162,61064,78098,47026,6296,81322,252,1933,46288,19148,43.8797947715612,33.79227087854443,4.524223566778287,58.43692962159211,0.18108391658642445,1.3890286141331687,33.26195369425562,13.759503312685933
11208,108931,50654,58277,43869,3119,53654,113,5758,31552,11694,46.500996043366904,40.27228245403053,2.8632804252233064,49.255033002542895,0.10373539212896238,5.285914936978455,28.965124711973633,10.735236066868017
11209,78056,37235,40821,13053,50955,1305,80,11174,11827,6596,47.70293122886133,16.7226094086297,65.2800553448806,1.6718766014143693,0.10249051962693452,14.315363328892078,15.15194219534693,8.45034334324075
11210,111647,50686,60961,9324,32355,62100,36,5995,17595,8551,45.398443307925874,8.351321576038764,28.979730758551508,55.62173636550914,0.03224448484957052,5.369602407588202,15.759491970227593,7.6589608319077085
11211,90396,45138,45258,25562,54026,3729,76,5194,24727,5869,49.93362538165405,28.277799902650557,59.76591884596664,4.125182530200451,0.08407451657152971,5.7458294614805965,27.35408646400283,6.492543917872472
11212,118856,51087,67769,17993,2138,96024,246,1284,38761,17360,42.982264252540894,15.138486908527968,1.7988153732247425,80.79019990576832,0.2069731439725382,1.0802988490273944,32.61173184357542,14.605909672208387
11213,85274,39014,46260,10337,14784,56975,132,1263,24561,9899,45.7513427304923,12.122100523019911,17.337054670825808,66.81403475854304,0.15479513098951614,1.4811079578769613,28.80244857752656,11.608462133827427
11214,117881,58131,59750,16655,56280,1299,66,42277,21364,10154,49.313290521797406,14.128655169196053,47.743062919384805,1.1019587550156513,0.05598866653659199,35.86413416920454,18.123361695268958,8.613771515341744
11215,88481,42662,45819,16119,58322,3838,149,6531,7088,4859,48.216001175393586,18.217470417377744,65.91471615375052,4.337654411681604,0.16839773510697212,7.381245691165335,8.010759372068579,5.4915744623139435
11216,96807,46169,50638,12455,17320,60976,271,3278,22496,11551,47.69179914675591,12.86580515871786,17.891268193415765,62.987180679083124,0.2799384342041381,3.386118772402822,23.2379889883996,11.931988389269371
11217,61454,28878,32576,12323,31835,10365,71,4578,6764,4437,46.991245484427374,20.052396914765517,51.80297458261464,16.866273961011487,0.11553356982458424,7.449474403618966,11.006606567513913,7.220034497347609
11218,111646,55632,56014,20590,59570,9312,108,18626,28395,7878,49.828923561972665,18.442219156978307,53.35614352507031,8.340648119950558,0.09673432097880802,16.683087616215538,25.433065224011607,7.056231302509717
11219,116474,59142,57332,15565,67586,1132,301,31045,40026,8107,50.776997441489094,13.363497432903483,58.02668406683037,0.9718907223929805,0.2584267733571441,26.654017205556606,34.36475093153837,6.960351666466336
11220,146042,73892,72150,55217,31495,2821,344,54166,45621,12937,50.596403774256714,37.80898645595103,21.565713972692787,1.9316361046822148,0.23554867777762561,37.089330466578105,31.238273921200747,8.858410594212623
11221,137901,65364,72537,55234,15072,60435,283,4538,38592,21207,47.399221180412034,40.05337162167062,10.929579916026714,43.82491787586747,0.20521968658675427,3.290766564419402,27.985293797724452,15.37842365175017
11222,44120,21185,22935,6257,31777,2125,41,2535,6352,2839,48.016772438803265,14.181776971894832,72.02402538531278,4.816409791477788,0.0929283771532185,5.745693563009973,14.397098821396192,6.434723481414324
11223,111054,52841,58213,12996,67001,3340,458,25836,20710,10315,47.58135681740415,11.702415041331244,60.331910602049454,3.007545878581591,0.4124119797575954,23.264357879950296,18.648585372881662,9.288274172924883
11224,44950,19656,25294,7868,24128,9053,79,3289,12625,7209,43.72858731924361,17.503893214682982,53.677419354838705,20.14015572858732,0.1757508342602892,7.317018909899889,28.086763070077865,16.03781979977753
11225,73752,33996,39756,6736,16724,46702,203,1493,14757,10765,46.095021151968766,9.1333116390064,22.675995227248073,63.32302852803991,0.2752467729688686,2.024351881982861,20.008948909860074,14.596214339950103
11226,131442,58917,72525,20933,12821,88270,119,5645,25858,14511,44.82357237412699,15.925655422163388,9.75411207985271,67.15509502289983,0.09053422802452793,4.294669892424035,19.672555195447423,11.039850276167435
11228,56823,27943,28880,6976,28938,698,75,19709,7909,5350,49.17550991675906,12.276718934234376,50.92656142759095,1.2283758337292998,0.1319888073491368,34.68489872058849,13.91865969765764,9.415201590905092
11229,116920,56007,60913,10202,78561,4525,52,22096,19526,10113,47.90198426274376,8.72562435853575,67.1920971604516,3.8701676359904207,0.04447485460143688,18.898392062949025,16.700307902839548,8.64950393431406
11230,122201,58650,63551,12158,77703,13485,435,15951,28398,10687,47.994697261069874,9.949182085252986,63.58622269866858,11.03509791245571,0.355970900401797,13.05308467197486,23.238762366920074,8.745427615158633
11231,44566,21003,23563,8882,27193,4451,0,2395,6122,4144,47.12785531571153,19.92999147332047,61.01736749988781,9.987434367006239,0,5.3740519678678815,13.736929497823452,9.298568415383924
11232,46557,23707,22850,24098,11974,1230,99,8263,12646,3673,50.92037717206864,51.76020791717679,25.7190111046674,2.6419228043044014,0.2126425671757201,17.748136692656313,27.162403075799556,7.88925403269111
11233,90140,39712,50428,15211,4921,67159,67,1409,29495,12754,44.0559130241846,16.874861326824938,5.459285555802086,74.50521411138229,0.07432882183270469,1.5631240292877744,32.721322387397386,14.149101397825605
11234,109591,51541,58050,9584,42596,49674,17,5994,10414,10856,47.03032183299724,8.745243678769242,38.86815523172523,45.32671478497322,0.015512222719018897,5.469427233988192,9.502605140933106,9.905922931627597
11235,113625,53328,60297,9912,80920,4899,387,16128,22414,10152,46.93333333333333,8.723432343234323,71.21672167216721,4.311551155115511,0.3405940594059406,14.194059405940592,19.726292629262925,8.934653465346534
11236,120205,53152,67053,8346,4683,102434,580,2840,18824,13201,44.217794600890144,6.94313880454224,3.8958445988103656,85.2160891809825,0.48250904704463204,2.3626305062185433,15.659914313048542,10.98207229316584
11237,88793,45794,42999,58494,14304,9029,126,5791,25627,11892,51.57388532879844,65.8768146137646,16.10937799150834,10.168594371177909,0.14190307794533355,6.521910510963702,28.86150935321478,13.392947642269098
11238,84904,40277,44627,10141,32968,32748,193,5598,12888,7631,47.43828323753887,11.944078017525676,38.829737114859135,38.570620936587204,0.2273155563931028,6.593328936210307,15.179496843493828,8.987797983605013
11239,13960,5659,8301,2859,3218,7218,84,443,4328,1999,40.53724928366762,20.479942693409743,23.05157593123209,51.70487106017192,0.6017191977077364,3.1733524355300857,31.002865329512897,14.31948424068768
11241,4162,1967,2195,320,2868,208,0,533,320,212,47.260932244113405,7.688611244593946,68.90917827967323,4.997597308986065,0,12.80634310427679,7.688611244593946,5.093704949543489
11242,4162,1967,2195,320,2868,208,0,533,320,212,47.260932244113405,7.688611244593946,68.90917827967323,4.997597308986065,0,12.80634310427679,7.688611244593946,5.093704949543489
11243,1550,707,843,181,538,649,0,95,102,160,45.61290322580645,11.67741935483871,34.70967741935484,41.87096774193548,0,6.129032258064516,6.580645161290323,10.32258064516129
11245,967,518,449,91,556,94,26,163,85,39,53.567735263702176,9.410548086866598,57.49741468459152,9.720785935884178,2.688728024819028,16.85625646328852,8.790072388831438,4.033092037228542
11247,2104,964,1140,154,414,1393,0,112,423,261,45.81749049429658,7.319391634980989,19.676806083650188,66.20722433460075,0,5.323193916349809,20.10456273764259,12.404942965779469
11249,49490,24931,24559,9772,34540,1815,63,2386,15264,3223,50.375833501717516,19.745403111739744,69.79187714689836,3.667407557082239,0.1272984441301273,4.8211759951505355,30.842594463527984,6.512426752879369
11251,382,214,168,90,194,65,0,10,39,39,56.02094240837696,23.56020942408377,50.78534031413613,17.015706806282722,0,2.6178010471204187,10.209424083769633,10.209424083769633
11252,654,372,282,72,454,58,0,23,56,21,56.88073394495413,11.009174311926607,69.41896024464832,8.868501529051988,0,3.5168195718654434,8.56269113149847,3.211009174311927
11256,5573,2754,2819,1232,0,4113,0,67,1137,713,49.41683115018841,22.10658532208864,0,73.80226090077157,0,1.2022250134577428,20.401937914947066,12.793827382020456
11351,4127,2223,1904,1147,2113,33,0,813,528,281,53.864792827719896,27.792585413133025,51.19941846377514,0.7996123091834262,0,19.699539617155317,12.793796946934819,6.808819966077054
11352,4526,1967,2559,244,91,59,32,4064,1073,213,43.460008837825896,5.391073795846222,2.010605391073796,1.3035793194874061,0.7070260715863897,89.7923110914715,23.707467962881132,4.706142288996907
11354,92521,42924,49597,15769,15396,2566,194,56560,19473,6759,46.39379167972677,17.043698187438526,16.640546470531014,2.7734244117551694,0.20968212621999327,61.13206731444754,21.047113628257367,7.305368510932652
11355,104560,50506,54054,16113,8231,3281,461,74174,22498,7544,48.30336648814078,15.410290742157612,7.87203519510329,3.137911247130834,0.4408951798010712,70.93917368018363,21.5168324407039,7.214996174445294
11356,29870,15073,14797,10556,8638,538,174,9329,4123,2436,50.46200200870439,35.33980582524272,28.918647472380314,1.801138265818547,0.5825242718446602,31.232005356545027,13.803146970204219,8.155339805825243
11357,62617,29404,33213,9172,33839,391,122,17655,5822,4731,46.95849369979398,14.647779357043614,54.041234808438595,0.6244310650462335,0.19483526837759713,28.195218550872763,9.297794528642383,7.5554561860197715
11358,68658,33590,35068,10617,27144,654,55,28306,6598,5117,48.9236505578374,15.463602202219699,39.53508695272219,0.9525474088962685,0.08010719799586356,41.22753357219843,9.609950770485595,7.452882402633342
11359,6778,3180,3598,420,4368,47,0,1524,198,338,46.916494541162585,6.196518146946002,64.44378872823842,0.6934198878725287,0,22.484508704632635,2.9212156978459722,4.986721746827973
11360,22089,10251,11838,2281,13705,125,38,5286,1471,1693,46.407714246910224,10.32640680881887,62.04445651681832,0.5658925256915206,0.1720313278102223,23.930463126443026,6.659423242337816,7.6644483679659565
11361,53289,25876,27413,7290,22373,794,247,21161,4658,4019,48.55786372422076,13.6801216010809,41.984274428118376,1.4899885529846686,0.4635102929309989,39.70988384094278,8.741015969524666,7.541894199553378
11362,22881,10754,12127,2615,10404,443,0,9173,1854,1438,46.999694069315154,11.428696298238714,45.4700406450767,1.9361041912503825,0,40.09003103011232,8.102792710108824,6.28469035444255
11363,10921,5325,5596,1660,5713,76,0,3346,871,673,48.75927112901749,15.200073253365076,52.31205933522571,0.6959069682263529,0,30.63821994322864,7.975460122699387,6.162439337057046
11364,51301,24731,26570,4680,18761,1118,239,24776,4530,3080,48.207637278025764,9.1226291885148445,36.570437223445936,2.179294750589657,0.46587785813142046,48.29535486637687,8.830237227344497,6.003781602697803
11365,68078,32445,35633,12023,20023,4590,126,29960,10313,6541,47.6585681130468,17.660624577690296,29.41185111195981,6.7422662240371345,0.18508181791474485,44.008343370839334,15.148799905990188,9.608096595082111
11366,49387,24368,25019,5836,19132,3703,108,18894,6990,4225,49.340919675218174,11.81687488610363,38.73893939700731,7.4979245550448494,0.21868102942069778,38.25703120254318,14.153522181950715,8.554882863911557
11367,56471,26997,29474,8411,23743,4868,175,17773,8651,4674,47.80683890846629,14.89437056188132,42.044589258203324,8.620353809920136,0.3098935736926918,31.472791344229783,15.319367462945582,8.276814648226523
11368,143092,76460,66632,104555,5705,14532,114,16635,33913,8999,53.43415425041233,73.06837559052917,3.986945461661029,10.155704022586868,0.07966902412433959,11.62538786235429,23.700136974813407,6.288960948201157
11369,41080,20517,20563,25886,2860,6038,36,5451,7127,3559,49.94401168451802,63.01363193768257,6.962025316455696,14.698149951314507,0.08763388510223953,13.26923076923077,17.349074975657256,8.663583252190847
11370,42526,21417,21109,16883,13744,554,136,10321,6628,3652,50.36213140196586,39.70041856746461,32.31905187414758,1.302732446033015,0.319804354982834,24.26985843954287,15.585759300192823,8.58768753233316
11371,3394,1680,1714,2209,316,336,0,482,428,519,49.49911608721273,65.0854449027696,9.310548025928108,9.899823217442545,0,14.201532115497937,12.610489098408955,15.291691219799647
11372,142622,73500,69122,80171,17828,2337,214,38646,28469,9843,51.53482632412951,56.21222532288146,12.500175288524911,1.638597130877424,0.1500469773246764,27.096801334997405,19.9611560628795,6.9014598028354674
11373,137169,69069,68100,50335,14391,10077,250,59446,26128,8563,50.353213918596765,36.695609066188425,10.491437569713273,7.346412090195306,0.1822569239405405,43.33778040227748,19.04803563487377,6.242664158811393
11374,67799,32722,35077,12795,34606,1877,153,16183,9451,4918,48.26324872048261,18.87195976341834,51.042050767710435,2.768477411171256,0.2256670452366554,23.869083614802577,13.939733624389742,7.253794303750792
11375,89948,42890,47058,14929,47408,3030,159,21845,9879,5429,47.68310579445902,16.597367367812513,52.706007915684616,3.3686129763863564,0.17676879975096724,24.28625428025081,10.983012407168587,6.035709521056611
11377,137234,67931,69303,48795,34216,2395,138,49506,22126,9333,49.5001238760074,35.556057536762026,24.932596878324613,1.745194339595144,0.10055817071571184,36.07415072066689,16.122826704752466,6.800792806447382
11378,40160,19757,20403,12675,22632,738,11,3737,4786,3478,49.195717131474105,31.561254980079685,56.35458167330677,1.8376494023904382,0.027390438247011956,9.305278884462151,11.917330677290837,8.660358565737052
11379,47169,22339,24830,10003,32843,426,0,3476,5017,3851,47.359494583306834,21.2067247556658,69.62835760775086,0.9031355339311837,0,7.369246751044117,10.636222943034621,8.164260425279315
11380,4557,2103,2454,1800,169,73,0,2515,1007,219,46.14878209348255,39.49967083607637,3.708580206276059,1.6019310950186525,0,55.18981786262892,22.097871406627167,4.805793285055958
11381,6281,3022,3259,2123,3524,57,0,502,1288,528,48.113357745581915,33.80035026269702,56.105715650374144,0.9074988059226238,0,7.99235790479223,20.50628880751473,8.40630472854641
11385,116034,56936,59098,50889,55102,1669,79,7268,18335,9049,49.06837651033318,43.8569729562025,47.48780529844701,1.438371511798266,0.0680834927693607,6.263681334781185,15.801403037040867,7.798576279366393
11386,3781,1796,1985,2299,1149,26,0,291,779,352,47.500661200740545,60.80402010050251,30.388786035440358,0.6876487701666225,0,7.696376619941814,20.603015075376884,9.309706426871198
11405,3024,1455,1569,1191,42,741,79,532,777,342,48.11507936507937,39.38492063492063,1.3888888888888888,24.503968253968253,2.6124338624338623,17.59259259259259,25.694444444444443,11.30952380952381
11411,29644,13349,16295,1911,448,26054,116,377,1508,2758,45.0310349480502,6.446498448252598,1.5112670354877884,87.8896235325867,0.3913102145459453,1.271758197274322,5.087032789097288,9.303737687221696
11412,54942,24736,30206,4591,415,45884,142,1980,5483,7468,45.02202322449128,8.356084598303665,0.7553419970150341,83.51352335189837,0.2584543700629755,3.6038003713006446,9.979614866586582,13.59251574387536
11413,78559,35266,43293,5258,1606,68563,51,1291,6781,7529,44.8911009559694,6.693058720197559,2.044323374788376,87.27580544558866,0.0649193599714864,1.6433508573174302,8.631729018953907,9.583879631869042
11414,37266,17204,20062,7041,20531,7847,0,1391,4928,3323,46.16540546342511,18.893897923039766,55.09311436698331,21.056727311758706,0,3.7326249127891376,13.223850158321257,8.916975258949176
11415,26221,12323,13898,6156,12729,1974,79,4605,3034,1666,46.99668204873956,23.47736547042447,48.54505930361161,7.52831699782617,0.30128522939628544,17.562259257846762,11.570878303649748,6.3536859768887535
11416,45790,22363,23427,18224,5585,5670,117,13762,9819,4843,48.83817427385892,39.799082769163576,12.196986241537454,12.38261629176676,0.2555143044332824,30.054597073596856,21.443546625900854,10.576545097182791
11417,60825,29825,31000,19910,14328,6813,139,14893,10392,6088,49.0341142622277,32.73325113029182,23.556103575832303,11.20098643649815,0.22852445540484997,24.48499794492396,17.085080147965474,10.009042334566379
11418,58192,28020,30172,21636,15346,4255,262,13615,8625,4996,48.1509485839978,37.18036843552378,26.371322518559253,7.3120016497113,0.4502337091009073,23.396686829804782,14.821624965631013,8.585372559802035
11419,64194,32278,31916,14169,2895,10567,369,19669,10592,6425,50.28195781537216,22.0721562762875,4.509767267968969,16.46103997258311,0.5748200766426769,30.639935196435804,16.499984422220145,10.008723556718696
11420,73968,35519,38449,15679,4360,18162,555,17459,10471,7822,48.019413800562404,21.197004109885356,5.8944408392818515,24.553861129136926,0.7503244646333549,23.603450140601343,14.15612156608263,10.574843175427212
11421,55972,27267,28705,32693,8448,3073,113,9672,9110,4943,48.715429143143005,58.409561923819055,15.09326091617237,5.49024512256128,0.20188665761452154,17.28006860573144,16.27599514042736,8.831201314943186
11422,45553,20554,24999,3477,1420,38721,44,1018,3725,3505,45.12106776721621,7.632867209623955,3.117248040743749,85.00208548284417,0.0965907843610739,2.234759510899392,8.177287994204553,7.694334072399184
11423,47136,22406,24730,7598,5998,16740,630,12076,5618,5557,47.53479293957909,16.11931432450781,12.724881194840462,35.514256619144604,1.3365580448065173,25.619484046164292,11.918703326544467,11.7892905634759
11424,4373,2016,2357,1601,1163,411,79,901,485,411,46.101074777040935,36.61102218156872,26.5950148639378,9.398582209009833,1.8065401326320605,20.603704550651727,11.090784358563916,9.398582209009833
11425,512,450,62,66,207,214,0,19,321,0,87.890625,12.890625,40.4296875,41.796875,0,3.7109375,62.6953125,0
11426,35894,17515,18379,6743,11639,2367,2,13495,3509,2295,48.79645623223937,18.785869504652588,32.426032205939705,6.594416894188444,0.005571961887780688,37.596812837800194,9.776007132111216,6.393826266228339
11427,42534,20326,22208,7689,7969,8973,21,13968,3846,3194,47.78765223115625,18.07730286359148,18.735599755489726,21.09606432501058,0.04937226689236846,32.83961066440965,9.042178022288052,7.509286688296422
11428,56292,26812,29480,10695,6152,16892,83,15206,5801,5591,47.63021388474384,18.999147303346835,10.92872877140624,30.00781638598735,0.1474454629432246,27.012719391743055,10.305194343778867,9.932139558018902
11429,34049,16130,17919,3903,753,26338,115,1085,3474,5277,47.37290375635114,11.462891714881493,2.2115186936473905,77.35322623278216,0.3377485388704514,3.1865840406473023,10.202942817703898,15.498252518429323
11430,1256,732,524,386,138,165,0,386,285,183,58.28025477707006,30.73248407643312,10.987261146496815,13.136942675159236,0,30.73248407643312,22.691082802547772,14.570063694267516
11431,5082,2405,2677,1555,81,1301,10,1824,1982,772,47.323888232979144,30.59818968909878,1.5938606847697756,25.600157418339236,0.19677292404565133,35.891381345926796,39.00039354584809,15.19086973632428
11432,81451,39202,42249,21333,10539,11446,863,31562,15119,9286,48.129550281764494,26.191206983339676,12.939067660311107,14.052620593976748,1.059532725196744,38.7496777203472,18.56208026911886,11.400719450958245
11433,54523,25717,28806,13145,923,29430,260,7236,10700,8045,47.16725051812997,24.10909157603213,1.6928635621664252,53.9772206224896,0.47686297525814797,13.271463419107532,19.624745520239166,14.755240907506922
11434,89178,39419,49759,8514,1431,74715,80,1489,11752,10044,44.202606023907244,9.547197739352756,1.6046558568256746,83.7818744533405,0.08970822400143533,1.6696943192267153,13.178138105810849,11.262867523380207
11435,78532,38626,39906,23575,8852,23001,108,15731,14886,11368,49.1850455865125,30.01960984057454,11.271838231548923,29.288697600977947,0.13752355727601487,20.031324810268426,18.955330311210716,14.47562776957164
11436,23904,11658,12246,3335,237,15720,126,1629,3218,2929,48.77008032128514,13.951639892904952,0.9914658634538153,65.76305220883533,0.5271084337349398,6.8147590361445785,13.462182061579654,12.25317938420348
11439,4616,2174,2442,877,1643,605,0,1292,688,632,47.09705372616985,18.999133448873483,35.59358752166378,13.106585788561526,0,27.989601386481805,14.904679376083187,13.69150779896014
11559,7195,3647,3548,2468,2677,1669,108,79,1144,583,50.68797776233496,34.30159833217512,37.206393328700486,23.196664350243225,1.5010423905489922,1.0979847116052814,15.899930507296734,8.102849200833912
11580,4113,2012,2101,337,202,3327,12,197,518,160,48.91806467298809,8.193532701191344,4.911256990031608,80.88986141502554,0.29175784099197666,4.789691222951617,12.594213469486991,3.890104546559689
11691,68747,31583,37164,20052,14438,30626,108,2157,16671,7571,45.94091378532881,29.16781823206831,21.00164370808908,44.54885304085997,0.15709776426607705,3.137591458536373,24.24978544518306,11.01284419683768
11692,32889,15307,17582,8806,5799,15608,0,1700,8004,4497,46.54139681960534,26.774909544224514,17.632035026908692,47.45659643041746,0,5.168901456413998,24.336404268904495,13.673264617349265
11693,15731,7618,8113,3656,6947,3847,0,987,2388,1484,48.42667344733329,23.24073485474541,44.161210348992434,24.45489797215689,0,6.274235585786029,15.180217405123642,9.433602441039984
11694,21772,11044,10728,3089,15722,1959,23,763,1524,1923,50.725702737460956,14.18794782289179,72.21201543266581,8.997795333455814,0.10564027190887379,3.5045011941943782,6.999816277787985,8.832445342641925
11697,4014,2039,1975,60,3910,0,0,0,140,180,50.79720976581963,1.4947683109118086,97.40906826108619,0,0,0,3.487792725460887,4.484304932735426
